[{"assetType":"AdministratorSetting","assetObject":{"name":"Service fault","id":"errorProcessing","status":"Success","explanation":"OK"}},{"assetType":"AdministratorSetting","assetObject":{"name":"API Gateway","id":"gatewayDestinationConfig","status":"Success","explanation":"OK"}},{"assetType":"Policy","assetObject":{"name":"Policy For API RequestProcessingPolicies[1.0]","id":"a4cd0a92-24bc-4285-95c2-e9adf4df4e26","status":"Success","explanation":"OK"}},{"assetType":"PolicyAction","assetObject":{"name":"Policy Action [Enable HTTP / HTTPS] -> Policy For API RequestProcessingPolicies[1.0]","id":"aeaeaaba-3dd0-4a67-8ab4-63e451e24d78","status":"Success","explanation":"OK"}},{"assetType":"PolicyAction","assetObject":{"name":"Policy Action [Straight Through Routing] -> Policy For API RequestProcessingPolicies[1.0]","id":"4cb85ffd-57a2-46e1-9292-76f181b24fbb","status":"Success","explanation":"OK"}},{"assetType":"PolicyAction","assetObject":{"name":"Policy Action [Request Transformation] -> Policy For API RequestProcessingPolicies[1.0]","id":"b152b3d1-68f1-4fd3-8cbf-2a7ac406a6fb","status":"Success","explanation":"OK"}},{"assetType":"AdministratorSetting","assetObject":{"name":"Extended settings","id":"extended","status":"Success","explanation":"OK"}},{"assetType":"PolicyAction","assetObject":{"name":"Policy Action [Request Transformation] -> Policy For API RequestProcessingPolicies[1.0]","id":"41cc7fac-df90-437e-8d22-320de8c87a74","status":"Success","explanation":"OK"}},{"assetType":"AdministratorSetting","assetObject":{"name":"Elasticsearch","id":"elasticsearchDestinationConfig","status":"Success","explanation":"OK"}},{"assetType":"PolicyAction","assetObject":{"name":"Policy Action [Response Transformation] -> Policy For API RequestProcessingPolicies[1.0]","id":"f828eb09-2f7b-4794-911b-b08983df2dff","status":"Success","explanation":"OK"}},{"assetType":"PolicyAction","assetObject":{"name":"Policy Action [Request Transformation] -> Policy For API RequestProcessingPolicies[1.0]","id":"1194770e-8fcd-4a5d-a76b-0fbc704e0364","status":"Success","explanation":"OK"}},{"assetType":"API","assetObject":{"name":"RequestProcessingPolicies[1.0]","id":"2bc0914b-c46d-4c43-90d4-b0c0d0c62b59","status":"Success","explanation":"OK"}}]